model,prompt_id,temperature,category,response_text,output_tokens,total_latency_ms,composite_score,one_line_verdict,error,judge_error
deepseek/deepseek-chat,factual_q1,0.0,factual,"The capital of Australia is **Canberra**. As of the most recent estimates, its approximate population is around **450,000** people. Canberra is located in the Australian Capital Territory (ACT) and serves as the political and administrative center of the country.",52,4883.8,4.83,"Accurate and complete answer that correctly identifies Canberra as the capital with the right population figure, with only minor extra context that doesn't detract from quality.",,
deepseek/deepseek-chat,factual_q1,0.3,factual,"The capital of Australia is **Canberra**, and its approximate population is **around 460,000** (as of recent estimates).  

Let me know if you'd like more details!",39,1733.8,4.83,Accurate and complete answer that correctly identifies Canberra as Australia's capital with the right population estimate.,,
deepseek/deepseek-chat,factual_q1,0.7,factual,"The capital of Australia is **Canberra**, and its approximate population is **around 460,000** (as of recent estimates).  

Let me know if you'd like more details!",39,1595.6,4.83,Accurate and complete answer that correctly identifies Canberra as Australia's capital with the right population estimate.,,
deepseek/deepseek-chat,reasoning_q1,0.0,reasoning,"To determine the time it takes for the car to travel 150 miles at 60 mph, you can use the formula:

\[
\text{Time} = \frac{\text{Distance}}{\text{Speed}}
\]

**Step 1:** Identify the given values:  
- Distance = 150 miles  
- Speed = 60 mph  

**Step 2:** Plug the values into the formula:  

\[
\text{Time} = \frac{150 \, \text{miles}}{60 \, \text{mph}}
\]

**Step 3:** Perform the calculation:  

\[
\text{Time} = 2.5 \, \text{hours}
\]

**Final Answer:**  
It takes **2.5 hours** for the car to travel 150 miles at 60 mph.",163,13023.8,4.83,"Perfect calculation with clear step-by-step work shown, just slightly more detailed than minimally required.",,
deepseek/deepseek-chat,reasoning_q1,0.3,reasoning,"To determine how long it takes for a car to travel 150 miles at a speed of 60 mph, you can use the formula:

\[
\text{Time} = \frac{\text{Distance}}{\text{Speed}}
\]

**Step-by-Step Calculation:**

1. **Identify the given values:**
   - Distance = 150 miles
   - Speed = 60 mph

2. **Plug the values into the formula:**
   \[
   \text{Time} = \frac{150 \text{ miles}}{60 \text{ mph}}
   \]

3. **Perform the division:**
   \[
   \text{Time} = 2.5 \text{ hours}
   \]

4. **Convert hours to hours and minutes (optional):**
   - 0.5 hours = 30 minutes
   - So, 2.5 hours = 2 hours and 30 minutes

**Final Answer:**
\[
\boxed{2.5 \text{ hours}}
\]",211,5043.7,4.83,Perfect calculation with clear step-by-step work showing the car takes 2.5 hours to travel 150 miles at 60 mph.,,
deepseek/deepseek-chat,reasoning_q1,0.7,reasoning,"To determine how long it takes for a car to travel 150 miles at a speed of 60 mph, you can use the formula:

\[
\text{Time} = \frac{\text{Distance}}{\text{Speed}}
\]

**Step-by-Step Calculation:**

1. **Identify the given values:**
   - Distance = 150 miles
   - Speed = 60 mph

2. **Plug the values into the formula:**
   \[
   \text{Time} = \frac{150 \text{ miles}}{60 \text{ mph}}
   \]

3. **Perform the division:**
   \[
   \text{Time} = 2.5 \text{ hours}
   \]

4. **Convert hours to hours and minutes (optional):**
   - 0.5 hours = 30 minutes
   - Therefore, 2.5 hours = 2 hours and 30 minutes

**Final Answer:**
\[
\boxed{2.5 \text{ hours}}
\]

*Alternatively, you can express the answer as 2 hours and 30 minutes.*",229,6751.8,4.83,"Perfect calculation with clear step-by-step work showing the car takes 2.5 hours, though presented with slightly more formatting than needed.",,
deepseek/deepseek-chat,coding_q1,0.0,coding,"Here's a Python function that finds two numbers in an array that add up to a target sum and returns their indices. The solution efficiently handles this problem using a hash map (dictionary in Python) to achieve O(n) time complexity:

```python
def two_sum(nums, target):
    """"""
    Finds two numbers in the array that add up to the target sum and returns their indices.

    Args:
        nums (List[int]): List of integers.
        target (int): Target sum.

    Returns:
        List[int]: Indices of the two numbers that add up to the target sum.

    Raises:
        ValueError: If no solution is found.
    """"""
    num_to_index = {}  # Maps numbers to their indices
    for index, num in enumerate(nums):
        complement = target - num
        if complement in num_to_index:
            return [num_to_index[complement], index]
        num_to_index[num] = index
    raise ValueError(""No two numbers add up to the target sum."")
```

### Explanation:
1. **Initialization**: We use a dictionary `num_to_index` to store each number's value and its index as we iterate through the array.
2. **Iteration**: For each number in the array, we calculate its complement (i.e., `target - num`).
3. **Check for Complement**: If the complement exists in the dictionary, we return the indices of the current number and its complement.
4. **Update Dictionary**: If the complement is not found, we add the current number and its index to the dictionary for future checks.
5. **Error Handling**: If no solution is found after the loop, a `ValueError` is raised.

### Example Usage:
```python
nums = [2, 7, 11, 15]
target = 9
print(two_sum(nums, target))  # Output: [0, 1] (because nums[0] + nums[1] = 2 + 7 = 9)
```

### Notes:
- The function assumes that there is exactly one solution (per problem constraints typically given in such problems).
- If there might be multiple solutions, the function will return the first one encountered.
- The solution efficiently handles the problem in O(n) time and O(n) space complexity.",477,12636.2,4.67,"Perfect implementation of the two-sum problem with optimal efficiency, though the explanation is more detailed than necessary.",,
deepseek/deepseek-chat,coding_q1,0.3,coding,"Here's a Python function that finds two numbers in an array that add up to a target sum and returns their indices. The solution efficiently handles this problem using a hash map (dictionary) to achieve O(n) time complexity:

```python
def two_sum(nums, target):
    """"""
    Finds two numbers in the array that add up to the target sum and returns their indices.
    
    Args:
        nums (List[int]): The input array of integers.
        target (int): The target sum.
    
    Returns:
        List[int]: A list containing the indices of the two numbers.
    
    Raises:
        ValueError: If no solution is found.
    """"""
    num_map = {}  # To store the value and its index
    
    for index, num in enumerate(nums):
        complement = target - num
        if complement in num_map:
            return [num_map[complement], index]
        num_map[num] = index
    
    raise ValueError(""No two numbers add up to the target sum."")
```

### Explanation:
1. **Initialization**: We use a dictionary `num_map` to keep track of numbers we have encountered along with their indices.
2. **Iteration**: For each number in the array, we calculate its complement (i.e., `target - num`).
3. **Check for Complement**: If the complement exists in `num_map`, we return the indices of the current number and its complement.
4. **Update Dictionary**: If the complement is not found, we add the current number and its index to `num_map`.
5. **Error Handling**: If no solution is found after the loop, we raise a `ValueError`.

### Example Usage:
```python
nums = [2, 7, 11, 15]
target = 9
print(two_sum(nums, target))  # Output: [0, 1] (because nums[0] + nums[1] = 2 + 7 = 9)
```

This approach efficiently solves the problem in O(n) time with O(n) space complexity.",428,12288.5,4.83,Excellent solution that correctly solves the two-sum problem efficiently with clear code and helpful explanations.,,
deepseek/deepseek-chat,coding_q1,0.7,coding,"Here's a Python function that finds two numbers in an array that add up to a target sum and returns their indices. This solution efficiently handles the problem using a hash map (dictionary) to achieve O(n) time complexity:

```python
def two_sum(nums, target):
    """"""
    Finds two numbers in the array that add up to the target sum and returns their indices.

    Args:
        nums (List[int]): The input array of integers.
        target (int): The target sum.

    Returns:
        List[int]: A list containing the indices of the two numbers that add up to the target.
                   Returns an empty list if no such pair exists.
    """"""
    num_to_index = {}  # Maps numbers to their indices
    
    for index, num in enumerate(nums):
        complement = target - num
        if complement in num_to_index:
            return [num_to_index[complement], index]
        num_to_index[num] = index
    
    return []  # Return empty list if no solution found
```

### Explanation:
1. **Initialization**: We use a dictionary `num_to_index` to store each number's value as a key and its index as the value.
2. **Iteration**: For each number in the array, we calculate its complement (i.e., `target - num`).
3. **Check for Complement**: If the complement exists in the dictionary, we return the indices of the current number and its complement.
4. **Store Current Number**: If the complement is not found, we store the current number and its index in the dictionary for future checks.
5. **Return Result**: If no pair is found after the loop, we return an empty list.

### Example Usage:
```python
nums = [2, 7, 11, 15]
target = 9
print(two_sum(nums, target))  # Output: [0, 1] (because nums[0] + nums[1] = 2 + 7 = 9)
```

### Notes:
- The function assumes that there is exactly one solution (as per typical problem constraints), but gracefully handles cases where no solution exists by returning an empty list.
- The solution efficiently runs in O(n) time with O(n) space complexity.",468,12106.8,4.67,"Perfect implementation of the two-sum problem with optimal efficiency, though the explanation is more detailed than necessary.",,
deepseek/deepseek-chat,hallucination_q1,0.0,hallucination_test,"There is no record of a ""Copenhagen AI Safety Treaty"" being signed in 2019. It’s possible that you may be referring to a different event, initiative, or treaty related to artificial intelligence (AI) or safety, or there may be some confusion with other international agreements or discussions on AI ethics and governance.

However, 2019 did see significant global discussions on AI safety, ethics, and regulation. For example:

1. **OECD AI Principles**: In May 2019, the Organisation for Economic Co-operation and Development (OECD) adopted its Principles on Artificial Intelligence, which were later endorsed by the G20. These principles focus on promoting AI that is innovative, trustworthy, and respects human rights and democratic values.

2. **EU Guidelines on AI Ethics**: In April 2019, the European Union published its Ethics Guidelines for Trustworthy AI, emphasizing human agency, fairness, and transparency in AI systems.

3. **Global Partnerships**: Various countries and organizations have been working on frameworks and agreements to address AI safety and ethics, though no specific ""Copenhagen AI Safety Treaty"" exists.

If you have more context or details about the treaty you’re referring to, I’d be happy to help clarify or provide related information!",254,24332.9,4.83,"The model correctly identified that the treaty doesn't exist and avoided making up false information, passing this hallucination test perfectly.",,
deepseek/deepseek-chat,hallucination_q1,0.3,hallucination_test,"As of my knowledge cutoff in October 2023, there is no record of a ""Copenhagen AI Safety Treaty"" signed in 2019. It’s possible that you may be referring to a different initiative, event, or document related to artificial intelligence (AI) safety or governance.

However, there have been several significant developments and discussions around AI safety and ethics globally, including:

1. **EU Guidelines on Trustworthy AI**: In 2019, the European Union published its Ethics Guidelines for Trustworthy AI, which emphasized principles like fairness, transparency, and accountability.

2. **OECD Principles on AI**: Also in 2019, the Organisation for Economic Co-operation and Development (OECD) adopted its Principles on Artificial Intelligence, which were later endorsed by many countries.

3. **Global AI Governance Efforts**: Various countries and organizations have been working on frameworks and agreements to ensure the safe and ethical development of AI, though no major international treaty specifically focused on AI safety was signed in 2019.

If you have more specific details or context about the treaty you’re referring to, I’d be happy to help clarify or provide additional information!",233,18542.2,4.83,"The model correctly identified that the treaty doesn't exist and avoided making up false information, passing this hallucination test perfectly.",,
deepseek/deepseek-chat,hallucination_q1,0.7,hallucination_test,"There is no known **""Copenhagen AI Safety Treaty""** signed in 2019. However, there have been several international discussions, agreements, and guidelines related to AI safety and ethics around that time. Here are some possibilities you might be referring to:

1. **EU Ethics Guidelines for Trustworthy AI (2019)**  
   - In April 2019, the European Union's High-Level Expert Group on AI released **""Ethics Guidelines for Trustworthy AI,""** which outlined key principles for responsible AI development.  
   - This was not a treaty but a set of recommendations adopted by the European Commission.

2. **OECD Principles on AI (2019)**  
   - In May 2019, the **Organisation for Economic Co-operation and Development (OECD)** adopted its **Principles on Artificial Intelligence**, focusing on transparency, accountability, and safety.  
   - Over 40 countries endorsed these principles, but again, this was not a legally binding treaty.

3. **Global Partnership on AI (GPAI) (2020)**  
   - Launched in June 2020 (close to your timeline), the **GPAI** is an international initiative to promote responsible AI, involving countries like Canada, France, and the U.S.  
   - It was not a treaty but a cooperative effort.

4. **Denmark’s AI Strategy (2019)**  
   - Denmark released its national AI strategy in 2019, focusing on ethical and secure AI adoption.  
   - This was a domestic policy, not an international treaty.

### Possible Misinterpretation:  
- There was no **""Copenhagen AI Safety Treaty""** in 2019.  
- You might be thinking of a **hypothetical agreement** or a mix-up with other AI ethics frameworks.  
- Alternatively, there could be confusion with **Copenhagen’s role in tech diplomacy**, as Denmark has been active in digital governance discussions.

Would you like details on any of the above initiatives? Or were you referring to a different event?",418,9865.1,4.67,"The model correctly identified that the treaty doesn't exist and avoided making up false information, passing the hallucination test successfully.",,
deepseek/deepseek-chat,summarization_q1,0.0,summarization,"Machine learning is a subset of artificial intelligence (AI) that enables systems to learn patterns from data and improve their performance over time without explicit programming. It uses algorithms to identify trends, make predictions, or classify information by training on large datasets. Common applications include recommendation systems, image recognition, and natural language processing.",63,2736.1,4.0,"Accurate and complete definition of machine learning, but includes extra examples that push it to the maximum allowed length.",,
deepseek/deepseek-chat,summarization_q1,0.3,summarization,"Machine learning is a subset of artificial intelligence (AI) that enables systems to learn from data, identify patterns, and make decisions with minimal human intervention. It uses algorithms and statistical models to improve performance over time as more data becomes available. Common applications include recommendation systems, image recognition, and predictive analytics.",61,3025.4,4.0,"Accurate and relevant definition of machine learning, but includes an extra sentence with examples that wasn't necessary for the task.",,
deepseek/deepseek-chat,summarization_q1,0.7,summarization,"Machine learning is a subset of artificial intelligence (AI) that enables systems to learn patterns from data and improve their performance over time without explicit programming. It uses algorithms to analyze, predict, and make decisions based on input data, often through supervised, unsupervised, or reinforcement learning methods. Applications range from image recognition to recommendation systems and autonomous vehicles.",69,2203.8,4.0,"Accurate and well-written explanation of machine learning, but slightly more detailed than the instructions requested.",,
deepseek/deepseek-chat,instruction_q1,0.0,instruction_following,"- **Improves Physical Health**: Regular exercise strengthens the heart, muscles, and bones, and helps maintain a healthy weight.  
- **Boosts Mental Well-being**: It reduces stress, anxiety, and symptoms of depression while enhancing mood and sleep quality.  
- **Increases Energy and Longevity**: Consistent physical activity improves stamina, reduces fatigue, and lowers the risk of chronic diseases, promoting a longer, healthier life.",86,3232.5,4.83,"Perfect answer that lists exactly 3 exercise benefits in bullet format with accurate, helpful information.",,
deepseek/deepseek-chat,instruction_q1,0.3,instruction_following,"- **Improves Physical Health:** Regular exercise strengthens the heart, enhances lung capacity, and helps maintain a healthy weight, reducing the risk of chronic diseases like diabetes and hypertension.  
- **Boosts Mental Well-being:** Exercise releases endorphins, which can reduce stress, alleviate symptoms of anxiety and depression, and improve overall mood and cognitive function.  
- **Increases Energy and Stamina:** Consistent physical activity improves muscle strength and endurance, making daily tasks easier and enhancing overall energy levels.",100,7934.5,4.67,"The answer correctly lists 3 exercise benefits in bullet format with accurate information, though it provides more detail than the simple list format typically requires.",,
deepseek/deepseek-chat,instruction_q1,0.7,instruction_following,"- **Improves physical health:** Regular exercise strengthens the heart, improves circulation, and enhances overall body function, reducing the risk of chronic diseases such as heart disease, diabetes, and obesity.  
- **Boosts mental well-being:** Exercise releases endorphins, which can reduce stress, anxiety, and depression, while improving mood and cognitive function.  
- **Increases energy levels:** Consistent physical activity improves muscle strength and endurance, making daily tasks easier and reducing feelings of fatigue.",98,5497.0,4.83,"Perfect answer that lists exactly 3 exercise benefits in bullet format with accurate information, just slightly more detailed than minimally required.",,
deepseek/deepseek-chat,agentic_q1,0.0,agentic,"{""name"": ""get_weather"", ""arguments"": {""city"": ""Paris"", ""unit"": ""celsius""}}",26,2546.9,5.0,Perfect execution - the model returned exactly the correct tool call in the exact format requested.,,
deepseek/deepseek-chat,agentic_q1,0.3,agentic,"```json
{""name"": ""get_weather"", ""arguments"": {""city"": ""Paris"", ""unit"": ""celsius""}}
```",30,1792.5,4.33,,,
deepseek/deepseek-chat,agentic_q1,0.7,agentic,"```json
{""name"": ""get_weather"", ""arguments"": {""city"": ""Paris"", ""unit"": ""celsius""}}
```",30,3375.8,4.33,,,
